z_mm,baseline_d4x_um,baseline_d4y_um,baseline_ellipticity,robust_d4x_um,robust_d4y_um,robust_ellipticity,point_d4x_um,point_d4y_um,point_ellipticity
120.0,4623.525512067369,5028.646375632873,1.0876216347261718,,5028.646375632873,,,5028.646375632873,
120.5,4604.160539949151,5007.072858619612,1.0875104843053345,,5007.072858619612,,,5007.072858619612,
121.0,4584.798737716232,4985.500335476797,1.0873978599026053,,4985.500335476797,,,4985.500335476797,
121.5,4565.440145698585,4963.928819162082,1.0872837362327354,,4963.928819162082,,,4963.928819162082,
122.0,4546.08480490639,4942.358322858734,1.0871680874770888,,4942.358322858734,,,4942.358322858734,
122.5,4526.732757044277,4920.78885998055,1.0870508872703084,,4920.78885998055,,,4920.78885998055,
123.0,4507.384044525946,4899.220444176899,1.0869321086865948,,4899.220444176899,,,4899.220444176899,
123.5,4488.038710489131,4877.653089337907,1.0868117242255948,,4877.653089337907,,,4877.653089337907,
124.0,4468.6967988109545,4856.086809599774,1.0866897057978733,,4856.086809599774,,,4856.086809599774,
124.5,4449.3583541236685,4834.521619350226,1.0865660247099647,,4834.521619350226,,,4834.521619350226,
125.0,4430.023421830788,4812.957533234121,1.086440651648988,,4812.957533234121,,,4812.957533234121,
125.5,4410.692048123641,4791.394566159203,1.0863135566668087,,4791.394566159203,,,4791.394566159203,
126.0,4391.364279998342,4769.832733302014,1.086184709163735,,4769.832733302014,,,4769.832733302014,
126.5,4372.040165273193,4748.272050113947,1.0860540778717307,,4748.272050113947,,,4748.272050113947,
127.0,4352.71975260655,4726.712532327495,1.0859216308371302,,4726.712532327495,,,4726.712532327495,
127.5,4333.403091515129,4705.154195962637,1.085787335402839,,4705.154195962637,,,4705.154195962637,
128.0,4314.090232392804,4683.597057333429,1.0856511581900035,,4683.597057333429,,,4683.597057333429,
128.5,4294.78122652989,4662.041133054752,1.0855130650791267,,4662.041133054752,,,4662.041133054752,
129.0,4275.476126132931,4640.48644004926,1.085373021190618,,4640.48644004926,,,4640.48644004926,
129.5,4256.174984345003,4618.932995554515,1.085230990864756,,4618.932995554515,,,4618.932995554515,
130.0,4236.877855266564,4597.380817130324,1.0850869376410377,,4597.380817130324,,,4597.380817130324,
130.5,4217.584793976843,4575.829922666282,1.0849408242369072,,4575.829922666282,,,4575.829922666282,
131.0,4198.2958565558065,4554.280330389518,1.0847926125258247,,4554.280330389518,,,4554.280330389518,
131.5,4179.011100106709,4532.732058872678,1.0846422635146715,,4532.732058872678,,,4532.732058872678,
132.0,4159.730582779249,4511.185127042114,1.084489737320451,,4511.185127042114,,,4511.185127042114,
132.5,4140.454363793347,4489.639554186319,1.0843349931462742,,4489.639554186319,,,4489.639554186319,
133.0,4121.182503463565,4468.095359964603,1.0841779892565986,,4468.095359964603,,,4468.095359964603,
133.5,4101.915063224194,4446.552564416014,1.0840186829516962,,4446.552564416014,,,4446.552564416014,
134.0,4082.6521056550164,4425.011187968523,1.0838570305413222,,4425.011187968523,,,4425.011187968523,
134.5,4063.393694507783,4403.471251448462,1.0836929873175565,,4403.471251448462,,,4403.471251448462,
135.0,4044.1398947334096,4381.9327760902615,1.0835265075267926,,4381.9327760902615,,,4381.9327760902615,
135.5,4024.8907725099284,4360.395783546451,1.083357544340837,,4360.395783546451,,,4360.395783546451,
136.0,4005.6463952712124,4338.860295897963,1.083186049827094,,4338.860295897963,,,4338.860295897963,
136.5,3986.4068317364977,4317.326335664746,1.0830119749177978,,4317.326335664746,,,4317.326335664746,
137.0,3967.172151940732,4295.793925816687,1.0828352693782632,,4295.793925816687,,,4295.793925816687,
137.5,3947.9424272657734,4274.263089784862,1.082655881774114,,4274.263089784862,,,4274.263089784862,
138.0,3928.717730472469,4252.733851473128,1.0824737594374572,,4252.733851473128,,,4252.733851473128,
138.5,3909.498135733639,4231.206235270059,1.082288848431961,,4231.206235270059,,,4231.206235270059,
139.0,3890.283718668001,4209.68026606125,1.082101093516801,,4209.68026606125,,,4209.68026606125,
139.5,3871.0745563750547,4188.155969241994,1.0819104381094278,,4188.155969241994,,,4188.155969241994,
140.0,3851.870727470978,4166.633370730345,1.0817168242471185,,4166.633370730345,,,4166.633370730345,
140.5,3832.6723121255427,4145.112496980583,1.0815201925472637,,4145.112496980583,,,4145.112496980583,
141.0,3813.479392100103,4123.593374997108,1.0813204821663462,,4123.593374997108,,,4123.593374997108,
141.5,3794.2920507866897,4102.076032348743,1.0811176307575583,,4102.076032348743,,,4102.076032348743,
142.0,3775.110373248235,4080.560497183506,1.080911574427015,,4080.560497183506,,,4080.560497183506,
142.5,3755.9344462599806,4059.0467982438354,1.0807022476885033,,4059.0467982438354,,,4059.0467982438354,
143.0,3736.7643583521,4037.534964882298,1.0804895834167174,,4037.534964882298,,,4037.534964882298,
143.5,3717.6001998535785,4016.025027077794,1.0802735127989205,,4016.025027077794,,,4016.025027077794,
144.0,3698.4420629373967,3994.5170154522857,1.080053965284977,,3994.5170154522857,,,3994.5170154522857,
144.5,3679.290041667054,3973.010961288051,1.0798308685356903,,3973.010961288051,,,3973.010961288051,
145.0,3660.144232044491,3951.506896545507,1.0796041483693843,,3951.506896545507,,,3951.506896545507,
145.5,3641.0047320594404,3930.0048538816004,1.0793737287066625,,3930.0048538816004,,,3930.0048538816004,
146.0,3621.871641740274,3908.504866668802,1.0791395315132715,,3908.504866668802,,,3908.504866668802,
146.5,3602.7450632063897,3887.0069690147216,1.0789014767410001,,3887.0069690147216,,,3887.0069690147216,
147.0,3583.625100722187,3865.5111957823706,1.0786594822665396,,3865.5111957823706,,,3865.5111957823706,
147.5,3564.5118607526997,3844.017582611092,1.07841346382822,,3844.017582611092,,,3844.017582611092,
148.0,3545.4054520209274,3822.526165938191,1.0781633349605475,,3822.526165938191,,,3822.526165938191,
148.5,3526.3059855669408,3801.036983021287,1.0779090069264583,,3801.036983021287,,,3801.036983021287,
149.0,3507.213574808814,3779.550071961415,1.0776503886471889,,3779.550071961415,,,3779.550071961415,
149.5,3488.128335605455,3758.0654717269163,1.0773873866296857,,3758.0654717269163,,,3758.0654717269163,
150.0,3469.050386321395,3736.583222178129,1.0771199048914444,,3736.583222178129,,,3736.583222178129,
150.5,3449.9798478936113,3715.103364092938,1.0768478448826877,,3715.103364092938,,,3715.103364092938,
151.0,3430.9168439004616,3693.6259391931894,1.0765711054057683,,3693.6259391931894,,,3693.6259391931894,
151.5,3411.8615006327936,3672.150990172029,1.0762895825316943,,3672.150990172029,,,3672.150990172029,
152.0,3392.8139471673194,3650.678560722183,1.076003169513659,,3650.678560722183,,,3650.678560722183,
152.5,3373.7743154423333,3629.2086955652335,1.0757117566974572,,3629.2086955652335,,,3629.2086955652335,
153.0,3354.7427403358606,3607.7414404819183,1.0754152314286636,,3607.7414404819183,,,3607.7414404819183,
153.5,3335.719359746321,3586.2768423435086,1.0751134779564437,,3586.2768423435086,,,3586.2768423435086,
154.0,3316.7043146758083,3564.814949144294,1.0748063773338616,,3564.814949144294,,,3564.814949144294,
154.5,3297.6977493160766,3543.3558100352384,1.0744938073145454,,3543.3558100352384,,,3543.3558100352384,
155.0,3278.6998111373327,3521.8994753588386,1.0741756422455593,,3521.8994753588386,,,3521.8994753588386,
155.5,3259.7106509799482,3500.4459966852473,1.0738517529563332,,3500.4459966852473,,,3500.4459966852473,
156.0,3240.73042314919,3478.995426849714,1.0735220066434867,,3478.995426849714,,,3478.995426849714,
156.5,3221.7592855130897,3457.5478199913887,1.0731862667513807,,3457.5478199913887,,,3457.5478199913887,
157.0,3202.797399603567,3436.103231593562,1.0728443928482247,,3436.103231593562,,,3436.103231593562,
157.5,3183.844930720936,3414.66171852539,1.072496240497551,,3414.66171852539,,,3414.66171852539,
158.0,3164.9020480419144,3393.2233390851766,1.0721416611248749,,3393.2233390851766,,,3393.2233390851766,
158.5,3145.968924731279,3371.7881530452755,1.071780501879333,,3371.7881530452755,,,3371.7881530452755,
159.0,3127.0457380573007,3350.3562216986907,1.0714126054901016,,3350.3562216986907,,,3350.3562216986907,
159.5,3108.1326695111093,3328.9276079074334,1.0710378101173699,,3328.9276079074334,,,3328.9276079074334,
160.0,3089.2299049301346,3307.502376152741,1.0706559491976506,,3307.502376152741,,,3307.502376152741,
160.5,3070.337634625794,3286.0805925872055,1.0702668512831832,,3286.0805925872055,,,3286.0805925872055,
161.0,3051.4560535155765,3264.662325088931,1.069870339875195,,3264.662325088931,,,3264.662325088931,
161.5,3032.5853612597075,3243.247643317788,1.0694662332507512,,3243.247643317788,,,3243.247643317788,
162.0,3013.7257624025715,3221.8366187738693,1.069054344282935,,3221.8366187738693,,,3221.8366187738693,
162.5,2994.8774665190767,3200.4293248582494,1.0686344802540733,,3200.4293248582494,,,3200.4293248582494,
163.0,2976.040688366165,3179.025836936144,1.0682064426617155,,3179.025836936144,,,3179.025836936144,
163.5,2957.215648039666,3157.6262324025956,1.067770027017063,,3157.6262324025956,,,3157.6262324025956,
164.0,2938.402571136712,3136.2305907507816,1.0673250226355269,,3136.2305907507816,,,3136.2305907507816,
164.5,2919.6016889239354,3114.838993643094,1.0668712124190873,,3114.838993643094,,,3114.838993643094,
165.0,2900.8132385116796,3093.45152498509,1.0664083726301,,3093.45152498509,,,3093.45152498509,
165.5,2882.037463034479,3072.068271002481,1.0659362726561923,,3072.068271002481,,,3072.068271002481,
166.0,2863.2746118380423,3050.6893203212776,1.0654546747658713,,3050.6893203212776,,,3050.6893203212776,
166.5,2844.5249406730177,3029.314764051263,1.064963333854448,,3029.314764051263,,,3029.314764051263,
167.0,2825.788711895823,3007.9446958729395,1.0644619971798628,,3007.9446958729395,,,3007.9446958729395,
167.5,2807.0661946768096,2986.5792121281293,1.0639504040879906,,2986.5792121281293,,,2986.5792121281293,
168.0,2788.357665216087,2965.218411914397,1.063428285726969,,2965.218411914397,,,2965.218411914397,
168.5,2769.663406967306,2943.862397183492,1.06289536475009,,2943.862397183492,,,2943.862397183492,
169.0,2750.983710869742,2922.5112728440013,1.0623513550067623,,2922.5112728440013,,,2922.5112728440013,
169.5,2732.3188755890187,2901.1651468684313,1.0617959612210393,,2901.1651468684313,,,2901.1651468684313,
170.0,2713.6692077668376,2879.8241304049325,1.0612288786571848,,2879.8241304049325,,,2879.8241304049325,
170.5,2695.035022280086,2858.4883378939044,1.0606497927717211,,2858.4883378939044,,,2858.4883378939044,
171.0,2676.4166425097246,2837.157887189735,1.0600583788513886,,2837.157887189735,,,2837.157887189735,
171.5,2657.814400619859,2815.832899687927,1.0594543016364177,,2815.832899687927,,,2815.832899687927,
172.0,2639.228637847439,2794.513500457898,1.0588372149284913,,2794.513500457898,,,2794.513500457898,
172.5,2620.659704803024,2773.1998183817404,1.0582067611827464,,2773.1998183817404,,,2773.1998183817404,
173.0,2602.1079617830937,2751.891986299266,1.0575625710831509,,2751.891986299266,,,2751.891986299266,
173.5,2583.5737790944027,2730.5901411596456,1.0569042631005394,,2730.5901411596456,,,2730.5901411596456,
174.0,2565.0575373908814,2709.294424180015,1.056231443032599,,2709.294424180015,,,2709.294424180015,
174.5,2546.5596280236377,2688.0049810114047,1.0555437035250343,,2688.0049810114047,,,2688.0049810114047,
175.0,2528.080453404613,2666.7219619123885,1.05484062357314,,2666.7219619123885,,,2666.7219619123885,
175.5,2509.620427384495,2645.445521930877,1.0541217680029555,,2645.445521930877,,,2645.445521930877,
176.0,2491.1799756454907,2624.175821094488,1.0533866869311748,,2624.175821094488,,,2624.175821094488,
176.5,2472.759536109622,2602.9130246099794,1.0526349152029264,,2602.9130246099794,,,2602.9130246099794,
177.0,2454.3595593632062,2581.6573030722225,1.0518659718065286,,2581.6573030722225,,,2581.6573030722225,
177.5,2435.9805090982363,2560.4088326832784,1.0510793592642922,,2560.4088326832784,,,2560.4088326832784,
178.0,2417.6228625713993,2539.1677954821116,1.0502745629983976,,2539.1677954821116,,,2539.1677954821116,
178.5,2399.2871110815036,2517.9343795855684,1.0494510506708734,,2517.9343795855684,,,2517.9343795855684,
179.0,2380.9737604661245,2496.70877944124,1.048608271496641,,2496.70877944124,,,2496.70877944124,
179.5,2362.6833316183192,2475.4911960929103,1.0477456555285907,,2475.4911960929103,,,2475.4911960929103,
180.0,2344.4163610242867,2454.2818374592966,1.0468626129136076,,2454.2818374592966,,,2454.2818374592966,
180.5,2326.1734013228997,2433.0809186268734,1.0459585331184575,,2433.0809186268734,,,2433.0809186268734,
181.0,2307.955021888081,2411.888662157591,1.0450327841243998,,2411.888662157591,,,2411.888662157591,
181.5,2289.7618094350223,2390.7052984123766,1.044084711589395,,2390.7052984123766,,,2390.7052984123766,
182.0,2271.5943686513133,2369.531065891355,1.0431136379767434,,2369.531065891355,,,2369.531065891355,
182.5,2253.4533228540677,2348.3662115917878,1.042118861648978,,2348.3662115917878,,,2348.3662115917878,
183.0,2235.339314674216,2327.2109913848044,1.041099655925829,,2327.2109913848044,,,2327.2109913848044,
183.5,2217.253006769147,2306.065670412067,1.0400552681050743,,2306.065670412067,,,2306.065670412067,
184.0,2199.195082564965,2284.930523503593,1.0389849184450854,,2284.930523503593,,,2284.930523503593,
184.5,2181.1662470296706,2263.8058356180377,1.0378877991078885,,2263.8058356180377,,,2263.8058356180377,
185.0,2163.1672274786215,2242.6919023068453,1.0367630730615855,,2242.6919023068453,,,2242.6919023068453,
185.5,2145.198774413706,2221.5890302037515,1.0356098729409928,,2221.5890302037515,,,2221.5890302037515,
186.0,2127.2616623977083,2200.497537541255,1.0344272998654054,,2200.497537541255,,,2200.497537541255,
186.5,2109.356690965406,2179.417754695768,1.0332144222124409,,2179.417754695768,,,2179.417754695768,
187.0,2091.484685573018,2158.350024763289,1.0319702743469774,,2158.350024763289,,,2158.350024763289,
187.5,2073.646498587664,2137.294704167578,1.030693855304298,,2137.294704167578,,,2137.294704167578,
188.0,2055.843010318581,2116.2521633029446,1.0293841274266378,,2116.2521633029446,,,2116.2521633029446,
188.5,2038.075130091902,2095.2227872139383,1.028040014952471,,2095.2227872139383,,,2095.2227872139383,
189.0,2020.343797370872,2074.206976314377,1.0266604025580193,,2074.206976314377,,,2074.206976314377,
189.5,2002.6499829234415,2053.205147148343,1.02524413385064,,2053.205147148343,,,2053.205147148343,
190.0,1984.994690039255,2032.2177331959786,1.0237900098139758,,2032.2177331959786,,,2032.2177331959786,
190.5,1967.378955798117,2011.2451857271128,1.0222967872049848,,2011.2451857271128,,,2011.2451857271128,
191.0,1949.803852392084,1990.2879747059994,1.0207631769032808,,1990.2879747059994,,,1990.2879747059994,
191.5,1932.2704885034107,1969.3465897506876,1.0191878422135368,,1969.3465897506876,,,1969.3465897506876,
192.0,1914.7800107406279,1948.421541150824,1.0175693971221182,,1948.421541150824,,,1948.421541150824,
192.5,1897.3336051351178,1927.5133609479792,1.0159064045095603,,1927.5133609479792,,,1927.5133609479792,
193.0,1879.9324987005887,1906.622604082919,1.0141973743210346,,1906.622604082919,,,1906.622604082919,
193.5,1862.5779610579332,1885.7498496145827,1.0124407616975604,,1885.7498496145827,,,1885.7498496145827,
194.0,1845.2713061279878,1864.8957020159185,1.0106349650714015,,1864.8957020159185,,,1864.8957020159185,
194.5,1828.0138938947716,1844.0607925521338,1.0087783242298956,,1844.0607925521338,,,1844.0607925521338,
195.0,1810.8071322418168,1823.2457807473725,1.0068691183528509,,1823.2457807473725,,,1823.2457807473725,
195.5,1793.652478864235,1802.4513559463182,1.0049055640296913,,1802.4513559463182,,,1802.4513559463182,
196.0,1776.5514432591783,1781.6782389777568,1.0028858132636864,,1781.6782389777568,,,1781.6782389777568,
196.5,1759.5055887973747,1760.9271839277098,1.0008079514719284,,1760.9271839277098,,,1760.9271839277098,
197.0,1742.5165348783917,1740.1989800303877,1.001331775776563,,1740.1989800303877,,,1740.1989800303877,
197.5,1725.5859591722665,1719.4944536858977,1.0035426142104216,,1719.4944536858977,,,1719.4944536858977,
198.0,1708.7155999500962,1698.8144706143926,1.005828258180614,,1698.8144706143926,,,1698.8144706143926,
198.5,1691.9072585061028,1678.1599381571734,1.0081919011629044,,1678.1599381571734,,,1678.1599381571734,
199.0,1675.1628016735954,1657.5318077361446,1.010636896290715,,1657.5318077361446,,,1657.5318077361446,
199.5,1658.4841644371209,1636.931077484006,1.0131667650822798,,1636.931077484006,,,1636.931077484006,
200.0,1641.8733526429294,1616.358795058628,1.0157852066399502,,1616.358795058628,,,1616.358795058628,
200.5,1625.3324458096704,1595.8160606562226,1.01849610734041,,1595.8160606562226,,,1595.8160606562226,
201.0,1608.8636000409822,1575.3040302391926,1.0213035510336972,,1575.3040302391926,,,1575.3040302391926,
201.5,1592.4690510413343,1554.8239189959345,1.02421182976765,,1554.8239189959345,,,1554.8239189959345,
202.0,1576.151117236104,1534.37700505138,1.0272254550525706,,1534.37700505138,,,1534.37700505138,
202.5,1559.912202996445,1513.9646334487284,1.030349169678456,,1513.9646334487284,,,1513.9646334487284,
203.0,1543.7548019689848,1493.5882204246177,1.0335879600939173,,1493.5882204246177,,,1493.5882204246177,
203.5,1527.681500509792,1473.2492580019666,1.0369470693517584,,1473.2492580019666,,,1473.2492580019666,
204.0,1511.694981221368,1452.9493189268671,1.040432010620914,,1452.9493189268671,,,1452.9493189268671,
204.5,1495.7980265906117,1432.6900619782646,1.0440485812578384,,1432.6900619782646,,,1432.6900619782646,
205.0,1479.9935227247915,1412.4732376817103,1.0478028774222314,,1412.4732376817103,,,1412.4732376817103,
205.5,1464.2844631815158,1392.3006944612782,1.0517013092118654,,1392.3006944612782,,,1392.3006944612782,
206.0,1448.6739528875,1372.1743852667544,1.0557506162789025,,1372.1743852667544,,,1372.1743852667544,
206.5,1433.1652121395784,1352.096374716524,1.0599578838749946,,1352.096374716524,,,1352.096374716524,
207.0,1417.7615806798915,1332.0688468001465,1.0643305592541956,,1332.0688468001465,,,1332.0688468001465,
207.5,1402.4665218354692,1312.0941131884983,1.0688764683406424,,1312.0941131884983,,,1312.0941131884983,
208.0,1387.2836267105172,1292.1746222035492,1.0736038325414397,,1292.1746222035492,,,1292.1746222035492,
208.5,1372.2166184175755,1272.3129685043664,1.0785212855533872,,1272.3129685043664,,,1272.3129685043664,
209.0,1357.2693563313508,1252.511903550794,1.0836378899741999,,1252.511903550794,,,1252.511903550794,
209.5,1342.4458403463977,1232.7743469114728,1.0889631534835957,,1232.7743469114728,,,1232.7743469114728,
210.0,1327.7502151169267,1213.1033984884048,1.0945070443058509,,1213.1033984884048,,,1213.1033984884048,
210.5,1313.1867742538448,1193.5023517361665,1.1002800056016442,,1193.5023517361665,,,1193.5023517361665,
211.0,1298.7599644506538,1173.9747079600722,1.1062929683616536,,1173.9747079600722,,,1173.9747079600722,
211.5,1284.4743895060665,1154.5241917840647,1.1125573622854903,,1154.5241917840647,,,1154.5241917840647,
212.0,1270.3348142070947,1135.1547678858121,1.119085124025027,,1135.1547678858121,,,1135.1547678858121,
212.5,1256.3461680319792,1115.870659103317,1.1258887020486268,,1115.870659103317,,,1115.870659103317,
213.0,1242.51354862761,1096.6763660241718,1.1329810572394734,,1096.6763660241718,,,1096.6763660241718,
213.5,1228.842225011082,1077.5766881752913,1.1403756581742088,,1077.5766881752913,,,1077.5766881752913,
214.0,1215.3376404397548,1058.5767469372306,1.1480864698342172,,1058.5767469372306,,,1058.5767469372306,
214.5,1202.0054148886468,1039.682010312828,1.156127934277691,,1039.682010312828,,,1039.682010312828,
215.0,1188.8513470682774,1020.8983196844686,1.1645149415425804,,1020.8983196844686,,,1020.8983196844686,
215.5,1175.881415910193,1002.2319186972411,1.1732627887551932,,1002.2319186972411,,,1002.2319186972411,
216.0,1163.1017814414768,983.6894844060645,1.1823871250832152,,983.6894844060645,,,983.6894844060645,
216.5,1150.5187849636293,965.2781608226298,1.191903879792674,,965.2781608226298,,,965.2781608226298,
217.0,1138.1389484454469,947.0055949917625,1.2018291702440755,,947.0055949917625,,,947.0055949917625,
217.5,1125.9689730340276,928.8799757152802,1.2121791861935443,,928.8799757152802,,,928.8799757152802,
218.0,1114.015736583003,910.9100750230349,1.2229700462527346,,910.9100750230349,,,910.9100750230349,
218.5,1102.2862900926928,893.1052924636916,1.2342176218124978,,893.1052924636916,,,893.1052924636916,
219.0,1090.787852953326,875.4757022495687,1.2459373231610018,,875.4757022495687,,,875.4757022495687,
219.5,1079.5278068800328,858.0321032377684,1.2581438419453705,1078.1040167690549,858.0321032377684,1.2564844749990696,,858.0321032377684,
220.0,1068.5136884272347,840.7860716605713,1.2708508435646373,1056.2817635526874,840.7860716605713,1.2563026424385304,,840.7860716605713,
220.5,1057.7531799706428,823.7500164277608,1.2840706025811692,1034.7221160412996,823.7500164277608,1.2561118001896152,,823.7500164277608,
221.0,1047.2540990476539,806.937236707782,1.2978135738540697,1013.441834150633,806.937236707782,1.2559115976421757,,806.937236707782,
221.5,1037.0243859517927,790.361981348407,1.3120878919081662,992.4588884980668,790.361981348407,1.2557017062041242,,790.361981348407,
222.0,1027.0720894843485,774.0395095154396,1.3268987911577164,971.792539527672,774.0395095154396,1.2554818295206,,774.0395095154396,
222.5,1017.4053507768036,757.9861517042108,1.3422479401362812,951.4634174654697,757.9861517042108,1.2552517157816883,,757.9861517042108,
223.0,1008.0323851113462,742.2193700075126,1.3581326840084262,931.4936017166752,742.2193700075126,1.2550111723805415,992.7644345704933,742.2193700075126,1.3375620129133046
223.5,998.9614616839536,726.7578162000552,1.3745451915565896,911.9066978993751,726.7578162000552,1.2547600831696508,963.7256727011305,726.7578162000552,1.3260616552293742
224.0,990.200881275454,711.6213858196867,1.3914715057851772,892.7279102162007,711.6213858196867,1.2544984285258727,935.0328325737951,711.6213858196867,1.3139470668054336
224.5,981.7589518207121,696.8312659880607,1.408890501531447,873.9841062941778,696.8312659880607,1.2542263083659513,906.7187545492017,696.8312659880607,1.3012027427666213
225.0,973.6439618946928,682.4099742205191,1.4267727593032837,855.7038709748164,682.4099742205191,1.2539439681435516,878.8200485902042,682.4099742205191,1.2878182936790072
225.5,965.8641521665238,668.3813849347611,1.4450793722521151,837.9175448206954,668.3813849347611,1.2536518276948756,851.3775495333873,668.3813849347611,1.2737900377289653
226.0,958.4276849085666,654.7707397963833,1.463760712958268,820.6572423405547,654.7707397963833,1.2533505125714046,824.436815036431,654.7707397963833,1.2591228729811743
226.5,951.3426116865072,641.6046374631582,1.4827551986656808,803.9568441553755,641.6046374631582,1.2530408871951768,798.048662813181,641.6046374631582,1.243832441686499
227.0,944.6168393980108,628.9109977488804,1.501988107664146,787.8519565839399,628.9109977488804,1.2527240887883526,772.2697394958258,628.9109977488804,1.2279475828218662
227.5,938.2580948707788,616.7189947774332,1.521370515285305,772.3798314900633,616.7189947774332,1.2524015605661802,747.1631073310217,616.7189947774332,1.211513045095464
228.0,932.2738882749384,605.0589534116631,1.5407984346289783,757.579238801262,605.0589534116631,1.2520750821545632,722.7988264134758,605.0589534116631,1.194592398538901
228.5,926.6714756484491,593.9622032103392,1.5601522632918916,743.4902840006622,593.9622032103392,1.2517467946312584,699.2544987809521,593.9622032103392,1.1772710367789612
229.0,921.4578208763271,583.4608844951625,1.5792966510062028,730.1541632523066,583.4608844951625,1.2514192170466918,676.6157260651395,583.4608844951625,1.1596591031986299
229.5,916.6395575035464,573.5877019112321,1.598080911514042,717.6128497989507,573.5877019112321,1.2510952508357787,654.9764144948001,573.5877019112321,1.141894103224974
230.0,912.2229507959764,564.3756222466324,1.6163401019424872,705.9087070217164,564.3756222466324,1.2507781682909649,634.438840569227,564.3756222466324,1.124142885625873
230.5,908.2138604921269,555.8575153249907,1.633896880860063,695.0840261955213,555.8575153249907,1.2504715813532354,615.1133695455974,555.8575153249907,1.1066025961454562
231.0,904.6177047093317,548.0657395375167,1.650564228796148,685.18049057594,548.0657395375167,1.2501793875204223,597.117700673163,548.0657395375167,1.0895001413097607
231.5,901.4394254799487,541.0316770031785,1.6661490700010395,676.2385719775234,541.0316770031785,1.2499056907781585,580.575503800517,541.0316770031785,1.0730896701213046
232.0,898.6834563950385,534.785227302954,1.6804567712674259,668.2968712818573,534.785227302954,1.2496546971804616,565.6143198874972,534.785227302954,1.0576476144264895
232.5,896.353692823943,529.3542729747317,1.6932964152472796,661.391420015896,529.3542729747317,1.2494305870040026,552.3626328807195,529.3542729747317,1.0434649554762092
233.0,894.4534651576788,524.7641341081487,1.7044866579493423,655.5549657708132,524.7641341081487,1.2492373681081448,540.9460912481002,524.7641341081487,1.0308366294267675
233.5,892.9855154919991,521.037032974123,1.7138618926849845,650.8162691524432,521.037032974123,1.2490787179512546,531.4829678953296,521.037032974123,1.020048354071073
234.0,891.9519781226547,518.191592144463,1.721278368163862,647.1994434568401,518.191592144463,1.2489578242257775,524.0790901969001,518.191592144463,1.0113616240434788
234.5,891.3543641716212,516.2423905129097,1.7266198602676182,644.7233696701142,516.2423905129097,1.2488772358069102,518.8226252708591,516.2423905129097,1.0049981071011738
235.0,891.1935506000628,515.1996006503571,1.7298024871818098,643.4012181814194,515.1996006503571,1.248838736228111,515.7792321302153,515.1996006503571,1.0011250619742844
235.5,891.4697737932405,515.0687278535024,1.730778293429601,643.2401045383342,515.0687278535024,1.2488432509171605,514.9881476240744,515.0687278535024,1.0001564700659613
236.0,892.182627826427,515.8504661910242,1.7295373103259803,644.2408998086386,515.8504661910242,1.2488907969118133,516.4597217424307,515.8504661910242,1.0011810700800663
236.5,893.3310674414271,517.5406802183792,1.7261079207618637,646.3982071885769,517.5406802183792,1.248980479980483,520.1747516593011,517.5406802183792,1.005089593034137
237.0,894.913415682927,520.1305134741109,1.720555500013884,649.70050630854,520.1305134741109,1.2491105395239965,526.0857120640273,520.1305134741109,1.011449431317036
237.5,896.9273760650859,523.6066171920631,1.7129794517781767,654.1304563381411,523.6066171920631,1.2492784370183023,534.1197025991146,523.6066171920631,1.020078213417985
238.0,899.3700490638934,527.9514856900424,1.7035088894359298,659.6653396164764,527.9514856900424,1.2494809797803326,544.1827019152405,527.9514856900424,1.0307437646547837
238.5,902.237952662075,533.1438793345229,1.6922973096648133,666.277620098486,533.1438793345229,1.249714469066291,556.1645849166671,533.1438793345229,1.0431791613379842
239.0,905.5270466126279,539.1593123149589,1.6795166584893357,673.935586067013,539.1593123149589,1.249974860256744,569.944342949238,539.1593123149589,1.0570982081383313
239.5,909.2327600359532,545.9705808874215,1.665351196319195,682.6040445686497,545.9705808874215,1.2502579231634494,585.3950279056884,545.9705808874215,1.0722098376696163
240.0,913.350021925154,553.5483081788719,1.649991533584485,692.2450357540127,553.5483081788719,1.250559392063615,602.3880804150405,553.5483081788719,1.0882303703480682
240.5,917.8732941050384,561.8614837621176,1.6336291428256187,702.8185382879955,561.8614837621176,1.2508750975098992,620.7968558619524,561.8614837621176,1.1048930631535994
241.0,922.7966061729217,570.8779795521798,1.6164515697326447,714.2831415951797,570.8779795521798,1.2512010747997195,640.4992967697985,570.8779795521798,1.1219548129571097
241.5,928.1135919432294,580.5650276190632,1.5986384776731841,726.5966662072494,580.5650276190632,1.2515336467769542,661.3797987311682,580.5650276190632,1.1392002054335444
242.0,933.8175269225446,590.8896497702445,1.5803585784344685,739.7167192179068,590.8896497702445,1.2518694810537476,683.330376369518,590.8896497702445,1.1564432997518526
242.5,939.9013663561643,601.8190328258277,1.561767433547056,753.6011772868476,601.8190328258277,1.2522056235880914,706.2512615645272,601.8190328258277,1.1735276271478827
243.0,946.3577834102199,613.3208471035051,1.5430060593562556,768.2085943910982,613.3208471035051,1.25253951177279,730.0510679029367,613.3208471035051,1.1903248868038754
243.5,953.1792070835882,625.3635085825214,1.5242002355463775,783.4985353880221,625.3635085825214,1.2528689708229652,754.6466425576298,625.3635085825214,1.206732775738942
244.0,960.3578594796651,637.916387464733,1.505460399436373,799.4318393613113,637.916387464733,1.2531921973951603,779.9627071811449,637.916387464733,1.222672316478568
244.5,967.8857921080894,650.9499674168542,1.4868820040792419,815.9708187090072,650.9499674168542,1.2535077341611989,805.9313681423068,650.9499674168542,1.2380849657930868
245.0,975.7549209291828,664.4359607354838,1.4685462235504094,833.079401110897,664.4359607354838,1.253814438623606,832.49155660023,664.4359607354838,1.252929711508571
245.5,983.9570598978398,678.3473851291102,1.4505209004536264,850.7232220273163,678.3473851291102,1.2541114489081397,859.5884419640423,678.3473851291102,1.2671802984844358
246.0,992.4839528075805,692.658607871909,1.4328616457346,868.869675387737,692.658607871909,1.2543981486885876,887.1728486592777,692.658607871909,1.2808226716260482
246.5,1001.3273032783991,707.3453628611237,1.4156130171379864,887.4879297719201,707.3453628611237,1.2546741328481212,915.2006956568702,707.3453628611237,1.2938526831574855
247.0,1010.4788027729704,722.3847456984071,1.3988097184915385,906.5489167959502,722.3847456984071,1.2549391749953023,943.6324704862443,722.3847456984071,1.306274081928368
247.5,1019.9301565640037,737.7551913940719,1.382477776451468,926.025297693091,737.7551913940719,1.2551931975473618,972.4327439333169,737.7551913940719,1.3180967823429277
248.0,1029.6731076105289,753.4364387223311,1.3666356638612234,945.8914133037945,753.4364387223311,1.2554362447717904,1001.5697278192561,753.4364387223311,1.3293353975787348
248.5,1039.6994583322853,769.4094846795224,1.351295349270805,966.1232219167108,769.4094846795224,1.2556684589339635,1031.0148757349482,769.4094846795224,1.3400080142817459
249.0,1050.0010902989786,785.6565319460925,1.3364632604760474,986.6982286708572,785.6565319460925,1.255890059523567,1060.7425250182607,785.6565319460925,1.3501351823433234
249.5,1060.5699818748944,802.1609317455249,1.3221411563475975,1007.5954095609475,802.1609317455249,1.2561013254140805,1090.7295773334624,802.1609317455249,1.3597390924536852
250.0,1071.398223879271,818.9071240395149,1.3083269059795999,1028.7951324947958,818.9071240395149,1.2563025797357126,1120.9552147389759,818.9071240395149,1.368842914944389
250.5,1082.4780333390938,835.8805766023183,1.2950151775737428,1050.2790773371996,835.8805766023183,1.2564941772021632,1151.4006479603556,835.8805766023183,1.3774702752880814
251.0,1093.8017654237724,853.0677241778128,1.282198041753343,1072.0301564369258,853.0677241778128,1.2566764936162005,1182.0488936118936,853.0677241778128,1.3856448440258984
251.5,1105.3619236608085,870.4559086371553,1.2698654954177266,1094.0324367671576,870.4559086371553,1.2568499172807601,1212.8845772567277,870.4559086371553,1.3933900215068926
252.0,1117.1511685383307,888.0333208181393,1.258005913009105,1116.2710645079871,888.0333208181393,1.2570148420552214,1243.893759409505,888.0333208181393,1.400728700431549
252.5,1129.1623246046008,905.7889445338703,1.2466064323468653,1138.7321926544053,905.7889445338703,1.2571716618162194,1275.0637818325583,905.7889445338703,1.4076830916596372
253.0,1141.3883861766103,923.7125030824293,1.2356532821281474,1161.4029120369162,923.7125030824293,1.2573207661055943,1306.3831317331576,923.7125030824293,1.4142746009973408
253.5,1153.8225217700083,941.7944084652261,1.2251320579088052,1184.271185986872,941.7944084652261,1.257462536772535,1337.8413217214038,941.7944084652261,1.420523746686484
254.0,1166.4580773611317,960.0257134246235,1.215027952949425,1207.3257887580642,960.0257134246235,1.257597345441162,1369.4287836270144,960.0257134246235,1.4264501090725579
254.5,1179.2885785891544,978.3980663365414,1.2053259497995699,1230.556247723937,978.3980663365414,1.257725551657683,1401.136774494057,978.3980663365414,1.4320723054373916
255.0,1192.3077320025654,996.9036689370962,1.1960109779451509,1253.9527893007594,996.9036689370962,1.2578475015923356,1432.957293273462,996.9036689370962,1.4374079842652083
255.5,1205.5094254496096,1015.5352368204351,1.187068042290654,1277.5062884966544,1015.5352368204351,1.2579635271902836,1464.8830069135747,1015.5352368204351,1.4424738342905894
256.0,1218.8877277071365,1034.2859626148686,1.1784823267112319,1301.2082219508318,1034.2859626148686,1.258073945682424,1496.9071847096134,1034.2859626148686,1.447285604578014
256.5,1232.4368874367397,1053.1494817237137,1.170239276403177,1325.0506243034633,1053.1494817237137,1.2581790593816966,1529.0236399150003,1053.1494817237137,1.4518581326293893
257.0,1246.1513315512382,1072.1198405039534,1.1623246622928654,1349.0260477218947,1072.1198405039534,1.2582791557031354,1561.2266777425773,1072.1198405039534,1.456205378130786
257.5,1260.0256630686388,1091.1914667481833,1.1547246303378742,1373.1275244011085,1091.1914667481833,1.258374507356726,1593.5110489933495,1091.1914667481833,1.4603404604529295
258.0,1274.0546585247723,1110.3591423320722,1.147425738170528,1397.3485318539126,1110.3591423320722,1.2584653726712967,1625.8719086463113,1110.3591423320722,1.4642756984298924
258.5,1288.2332650099743,1129.6179778895662,1.1404149811927964,1421.6829608078085,1129.6179778895662,1.2585519960154132,1658.3047788265783,1129.6179778895662,1.4680226512725505
259.0,1302.5565968894848,1148.9633893805074,1.1336798099300545,1446.1250855298906,1148.9633893805074,1.2586346082877415,1690.8055156420228,1148.9633893805074,1.4715921597411936
259.5,1317.0199322617887,1168.391076419496,1.1272081401868987,1470.6695364074876,1168.391076419496,1.2587134274547152,1723.370279442134,1168.391076419496,1.474994386916543
260.0,1331.6187092038958,1187.8970022401807,1.1209883573177468,1495.3112746200372,1187.8970022401807,1.2587886591178554,1755.9955081081455,1187.8970022401807,1.478238858079971
260.5,1346.3485218476405,1207.4773751753035,1.1150093157250052,1520.0455687462768,1207.4773751753035,1.2588604970967627,1788.6778930316273,1207.4773751753035,1.4813344993498898
261.0,1361.2051163264396,1227.128631539419,1.1092603345248517,1544.8679731599032,1227.128631539419,1.258929124016839,1821.414357480662,1227.128631539419,1.4842896748287244
261.5,1376.184386627642,1246.8474198080164,1.1037311901720424,1569.7743080760965,1246.8474198080164,1.2589947118932987,1854.2020370892367,1246.8474198080164,1.4871122220991064
262.0,1391.2823703815825,1266.6305859936203,1.098412106707638,1594.7606411204765,1266.6305859936203,1.2590574227050197,1887.038262237311,1266.6305859936203,1.4898094859733757
262.5,1406.4952446147704,1286.4751601261917,1.0932937441845405,1619.8232703010544,1286.4751601261917,1.2591174089534416,1919.9205421167562,1286.4751601261917,1.492388350450878
263.0,1421.8193214912383,1306.3783437516918,1.0883671857327488,1644.9587082724047,1306.3783437516918,1.2591748142030348,1952.846550302594,1306.3783437516918,1.4948552688759045
263.5,1437.2510440629778,1326.3374983689669,1.0836239236471896,1670.1636677895485,1326.3374983689669,1.2592297736009077,1985.8141116701063,1326.3374983689669,1.497216292317842
264.0,1452.7869820475773,1346.3501347310882,1.079055844813911,1695.4350482568952,1346.3501347310882,1.2592824143739778,2018.8211905169019,1346.3501347310882,1.4994770962162298
264.5,1468.423827648601,1366.4139029429273,1.074655215733658,1720.7699232849493,1366.4139029429273,1.2593328563027824,2051.865879765191,1366.4139029429273,1.5016430053485001
265.0,1484.15839143196,1386.5265832920627,1.0704146673539339,1746.1655291744034,1386.5265832920627,1.2593812121715269,2084.9463911337466,1386.5265832920627,1.5037190171885557
265.5,1499.9875982694357,1406.6860777550664,1.0663271798802967,1771.6192542536792,1406.6860777550664,1.2594275881943826,2118.0610461814454,1406.6860777550664,1.505709823731009
266.0,1515.9084833586721,1426.890402125839,1.0623860677037356,1797.1286290019436,1426.890402125839,1.259472084418333,2151.208268135235,1426.890402125839,1.5076198318597405
266.5,1531.9181883272825,1447.1376787169488,1.0585849645525789,1822.6913168951712,1447.1376787169488,1.2595147951031123,2184.386574424982,1447.1376787169488,1.5094531823410802
267.0,1548.013957427248,1467.4261295888978,1.0549178089536453,1848.3051059179343,1467.4261295888978,1.2595558090789487,2217.594569856125,1467.4261295888978,1.5112137675219046
267.5,1564.1931338244865,1487.7540702659023,1.0513788300676081,1873.9679006883132,1487.7540702659023,1.2595952100829297,2250.8309403585126,1487.7540702659023,1.5129052478117082
268.0,1580.4531559873074,1508.119903900151,1.047962533947132,1899.677715147658,1508.119903900151,1.2596330770749056,2284.094447256408,1508.119903900151,1.514531067025578
268.5,1596.7915541764637,1528.5221158496124,1.0446636902527933,1925.4326657709155,1528.5221158496124,1.2596694845338792,2317.3839220104373,1528.5221158496124,1.5160944666622274
269.0,1613.2059470386303,1548.9592686373278,1.0414773194506415,1951.230965256898,1548.9592686373278,1.2597045027358673,2350.698261387444,1548.9592686373278,1.51759849918806
269.5,1629.6940383043668,1569.4299972627414,1.038398680506128,1977.0709166612214,1569.4299972627414,1.2597381980142157,2384.036423018738,1569.4299972627414,1.5190460403947674
270.0,1646.2536135909497,1589.9330048380357,1.035423259081694,2002.9509079377167,1589.9330048380357,1.2597706330033414,2417.397421311307,1589.9330048380357,1.5204398008943554
270.5,1662.8825373098957,1610.467058524643,1.0325467562393178,2028.8694068569348,1610.467058524643,1.2598018668668653,2450.780323680131,1610.467058524643,1.5217823368118457
271.0,1679.5787496785042,1631.0309857471318,1.0297650776445144,2054.824956272943,1631.0309857471318,1.2598319555110613,2484.1842470729453,1631.0309857471318,1.5230760597322477
271.5,1696.3402638343202,1651.62367066352,1.0270743232644735,2080.8161697119704,1651.62367066352,1.2598609517845112,2517.60835476164,1651.62367066352,1.5243232459548253
272.0,1713.1651630510844,1672.244050872764,1.024470777550061,2106.841727258623,1672.244050872764,1.2598889056648384,2551.0518533770346,1672.244050872764,1.525526045104248
272.5,1730.0515980544274,1692.8911143417342,1.0219509000891311,2132.900371717348,1692.8911143417342,1.2599158644333175,2584.5139901659936,1692.8911143417342,1.5266864881448439
273.0,1746.9977844353382,1713.563896535399,1.0195113167168952,2158.9909050286697,1713.563896535399,1.2599418728381624,2617.9940504519186,1713.563896535399,1.5278064948410495
273.5,1764.0020001592277,1734.2614777352617,1.0171488110678695,2185.1121849213205,1734.2614777352617,1.2599669732472036,2651.4913552814182,1734.2614777352617,1.5288878807040962
274.0,1781.0625831682626,1754.9829805322734,1.0148603165530867,2211.2631217829658,1754.9829805322734,1.2599912057906715,2685.0052592416077,1754.9829805322734,1.5299323634621604
274.5,1798.177929074519,1775.7275674815446,1.0126429087457458,2237.4426757335423,1775.7275674815446,1.2600146084947212,2718.535148433922,1775.7275674815446,1.5309415690885118
275.0,1815.3464889414145,1796.4944389071845,1.0104937981582052,2263.6498538865503,1796.4944389071845,1.2600372174063275,2752.0804385916404,1796.4944389071845,1.5319170374196889
275.5,1832.5667671508147,1817.2828308465057,1.008410323393189,2289.8837077847716,1817.2828308465057,1.2600590667101192,2785.6405733294832,1817.2828308465057,1.5328602273933927
276.0,1849.837319353172,1838.0920131236828,1.006389944652188,2316.143330997949,1838.0920131236828,1.260080188837695,2819.215022514712,1838.0920131236828,1.5337725219335963
276.5,1867.1567504980248,1858.921287543717,1.0044302375842873,2342.427856870947,1858.921287543717,1.2601006145699212,2852.8032807500754,1858.921287543717,1.5346552325083236
277.0,1884.5237129421932,1879.7699861982694,1.002528887459012,2368.736456411807,1879.7699861982694,1.2601203731326964,2886.4048659598516,1879.7699861982694,1.5355096033836806
277.5,1901.9369046330087,1900.637469875575,1.0006836836472126,2395.0683363099097,1900.637469875575,1.2601394922866076,2920.019318070958,1900.637469875575,1.536336815595936
278.0,1919.39506736394,1921.5231265672414,1.0011087134897267,2421.422737075225,1921.5231265672414,1.2601579984108977,2953.64619778182,1921.5231265672414,1.5371379906618368
278.5,1936.8969851000154,1942.426370065285,1.0028547646094788,2447.7989312903214,1942.426370065285,1.2601759165821307,2987.2850854123344,1942.426370065285,1.5379141940458374
279.0,1954.4414823704772,1963.3466386432601,1.0045563688414871,2474.19622196741,1963.3466386432601,1.2601932706478998,3020.93557982879,1963.3466386432601,1.5386664384015043
279.5,1972.027422726155,1984.2833938157899,1.0062149090567372,2500.6139410033243,1984.2833938157899,1.2602100832959284,3054.597297438173,1984.2833938157899,1.539395686603093
280.0,1989.6537072591016,2005.236119171247,1.007831720593033,2527.0514477258184,2005.236119171247,1.2602263761188557,3088.269871246719,2005.236119171247,1.5401028545820747
280.5,2007.3192731820925,2026.2043192727017,1.009408092844479,2553.5081275250986,2026.2043192727017,1.2602421696750061,3121.9529499780124,2026.2043192727017,1.5407888139823063
281.0,2025.0230924656528,2047.1875186226284,1.0109452708166347,2579.9833905649325,2047.1875186226284,1.2602574835454132,3155.6461972463185,2047.1875186226284,1.541454394646502
281.5,2042.764170530338,2068.185260687188,1.0124444566453552,2606.47667056809,2068.185260687188,1.260272336387334,3189.3492907811847,2068.185260687188,1.542100386945738
282.0,2060.5415449920724,2089.1971069761994,1.0139068110777825,2632.987423671277,2089.1971069761994,1.2602867459845055,3223.0619216996574,2089.1971069761994,1.5427275439628374
282.5,2078.3542844584044,2110.2226361752087,1.0153334549143573,2659.515127345041,2110.2226361752087,1.2603007292943404,3256.7837938227776,2110.2226361752087,1.5433365835396962
283.0,2096.201487373619,2131.2614433263,1.016725470411057,2686.0592793744736,2131.2614433263,1.260314302492279,3290.5146230332484,2131.2614433263,1.5439281901978577
283.5,2114.0822809107044,2152.313139054561,1.0180839026413804,2712.619396896831,2152.313139054561,1.2603274810134708,3324.254136671434,2152.313139054561,1.5445030169409586
284.0,2131.9958199082653,2173.3773488372935,1.0194097608178279,2739.1950154924607,2173.3773488372935,1.2603402795919754,3358.0020729670787,2173.3773488372935,1.5450616869470604
284.5,2149.9412858504998,2194.4537123133136,1.0207040195728905,2765.785688325681,2194.4537123133136,1.2603527122976268,3391.7581805042955,2194.4537123133136,1.545604795158257
285.0,2167.917885888475,2215.5418826298173,1.0219676201997034,2792.3909853324953,2215.5418826298173,1.2603647925707304,3425.5222177176092,2215.5418826298173,1.5461329097744532
285.5,2185.924851900971,2236.641525824513,1.02320147185272,2819.010492452239,2236.641525824513,1.2603765332547163,3459.2939524169788,2236.641525824513,1.5466465736576847
286.0,2203.9614395932354,2257.7523202408333,1.0244064527088668,2845.643810900452,2257.7523202408333,1.260387946626895,3493.0731613398752,2257.7523202408333,1.547146305652903
286.5,2222.0269276320573,2278.8739559742357,1.025583411089783,2872.2905564804696,2278.8739559742357,1.2603990444274238,3526.8596297286585,2278.8739559742357,1.547632601830714
287.0,2240.1206168156455,2300.006134347687,1.0267331665458128,2898.9503589313717,2300.006134347687,1.260409837886608,3560.6531509316014,2300.006134347687,1.548105936657187
287.5,2258.241829276822,2321.148567414601,1.027856510902521,2925.622861310114,2321.148567414601,1.260420337750635,3594.453526026045,2321.148567414601,1.5485667640954615
288.0,2276.3899077181445,2342.3009774875754,1.0289542092705464,2952.307719405793,2342.3009774875754,1.2604305543058474,3628.2605634622696,2342.3009774875754,1.549015518643575
288.5,2294.564214677591,2363.4630966914174,1.030027001019672,2979.0046011841423,2363.4630966914174,1.2604404974016366,3662.0740787267778,2363.4630966914174,1.5494526163125921
289.0,2312.764131823526,2384.634666539017,1.0310756007180135,3005.7131862604842,2384.634666539017,1.260450176472055,3695.8938940237667,2384.634666539017,1.5498784555488618
289.5,2330.989059277701,2405.8154375287495,1.0321006990372725,3032.433165399465,2405.8154375287495,1.2604596005562156,3729.719837973664,2405.8154375287495,1.5502934181039372
290.0,2349.2384149650984,2427.0051687621476,1.0331029636250029,3059.1642400400297,2427.0051687621476,1.2604687783175608,3763.551745327675,2427.0051687621476,1.5506978698554688
290.5,2367.5116339894903,2448.2036275806895,1.0340830399448662,3085.906121844177,2448.2036275806895,1.260477718062065,3797.3894566973545,2448.2036275806895,1.5510921615821345
291.0,2385.808168033616,2469.4105892206035,1.0350415520858463,3112.65853226814,2469.4105892206035,1.2604864277554422,3831.232818298311,2469.4105892206035,1.5514766296954798
291.5,2404.1274847829354,2490.625836484674,1.0359791035414032,3139.421202154712,2490.625836484674,1.2604949150394114,3865.081681707176,2490.625836484674,1.551851596931332
292.0,2422.469067371966,2511.8491594300904,1.036896277959532,3166.193871345535,2511.8491594300904,1.2605031872470829,3898.9359036310498,2511.8491594300904,1.5522173730032711
292.5,2440.8324138522403,2533.08035507144,1.0377936398646925,3192.9762883122266,2533.08035507144,1.260511251417516,3932.795345688702,2533.08035507144,1.5525742552204926
293.0,2459.2170366809796,2554.319227098013,1.0386717353525599,3219.7682098052996,2554.319227098013,1.2605191143094945,3966.6598742028195,2554.319227098013,1.5529225290722102
293.5,2477.622462229602,2575.5655856046183,1.0395310927585302,3246.569400519898,2575.5655856046183,1.2605267824145743,4000.5293600026594,2575.5655856046183,1.5532624687806305
294.0,2496.0482303112344,2596.8192468351867,1.0403722233009043,3273.3796327774207,2596.8192468351867,1.2605342619694369,4034.4036782365242,2596.8192468351867,1.5535943378243828
294.5,2514.4938937264274,2618.080032938451,1.0411956216996459,3300.198686222173,2618.080032938451,1.260541558967597,4068.282708193478,2618.080032938451,1.5539183894341706
295.0,2532.959017826306,2639.3477717350693,1.0420017667716006,3327.026347532234,2639.3477717350693,1.2605486791704963,4102.166333133784,2639.3477717350693,1.5542348670622814
295.5,2551.4431800924344,2660.622296495555,1.0427911220030246,3353.862410143773,2660.622296495555,1.2605556281180237,4136.054440127577,2660.622296495555,1.554544004827514
296.0,2569.9459697326824,2681.903445728466,1.0435641361002734,3380.706673988107,2681.903445728466,1.2605624111384928,4169.946919901304,2681.903445728466,1.554846027936942
296.5,2588.4669872924387,2703.1910629782897,1.0443212435194522,3407.5589452408103,2703.1910629782897,1.2605690333581048,4203.843666691501,2703.1910629782897,1.5551411530858794
297.0,2607.0058442805225,2724.4849966325196,1.045062864975824,3434.4190360822604,2724.4849966325196,1.2605754997099354,4237.744578105513,2724.4849966325196,1.5554295888373002
297.5,2625.562162809192,2745.7850997374585,1.0457894079337413,3461.2867644690095,2745.7850997374585,1.2605818149424601,4271.649554988758,2745.7850997374585,1.5557115359818934
298.0,2644.1355752476534,2767.0912298222693,1.0465012670778424,3488.1619539154276,2767.0912298222693,1.2605879836276568,4305.558501298197,2767.0912298222693,1.5559871878798677
298.5,2662.7257238885245,2788.4032487308805,1.0471988247662332,3515.044433285083,2788.4032487308805,1.260594010168697,4339.471323981675,2788.4032487308805,1.5562567307855313
299.0,2681.3322606267143,2809.7210224613173,1.0478824514663447,3541.934036591366,2809.7210224613173,1.2605998988072593,4373.3879328627945,2809.7210224613173,1.5565203441556288
299.5,2699.9548466502065,2831.0444210121022,1.0485525061741445,3568.8306028068873,2831.0444210121022,1.2606056536304808,4407.308240531072,2831.0444210121022,1.5567782009423412
300.0,2718.59315214226,2852.373318235353,1.0492093368173439,3595.7339756812007,2852.373318235353,1.2606112785775652,4441.232162237056,2852.373318235353,1.5570304678718092
300.5,2737.2468559945605,2873.707591696257,1.0498532806432304,3622.644003566443,2873.707591696257,1.2606167774460704,4475.159615792171,2873.707591696257,1.557277305708974
301.0,2755.915645530882,2895.047122538592,1.0504846645917234,3649.5605392504845,2895.047122538592,1.2606221538978888,4509.090521473037,2895.047122538592,1.5575188695094997
301.5,2774.599216240819,2916.3917953560003,1.0511038056542414,3676.483439797229,2916.3917953560003,1.2606274114649418,4543.02480193003,2916.3917953560003,1.5577553088594767
302.0,2793.2972715231913,2937.7414980687363,1.051711011218931,3703.412566393711,2937.7414980687363,1.2606325535546015,4576.962382099873,2937.7414980687363,1.5579867681035777
302.5,2812.009522438734,2959.096121805613,1.0523065794028028,3730.347784203645,2959.096121805613,1.2606375834548496,4610.903189122046,2959.096121805613,1.558213386562284
303.0,2830.7356874716866,2980.4555607909065,1.0528907993712915,3757.288962227132,2980.4555607909065,1.2606425043391962,4644.847152258824,2980.4555607909065,1.5584352987387766
303.5,2849.4754922999355,3001.8197122359607,1.0534639516457331,3784.2359731662136,3001.8197122359607,1.260647319271368,4678.794202818769,3001.8197122359607,1.5586526345160425
304.0,2868.228669573364,3023.188476235292,1.0540263083992454,3811.188693295997,3023.188476235292,1.2606520312097722,4712.744274083487,3023.188476235292,1.5588655193447152
304.5,2886.9949587000833,3044.56175566696,1.054578133741468,3838.1470023410857,3044.56175566696,1.2606566430117554,4746.697301237505,3044.56175566696,1.5590740744221379
305.0,2905.774105640229,3065.9394560970104,1.055119683992604,3865.1107833570663,3065.9394560970104,1.2606611574376663,4780.65322130111,3065.9394560970104,1.5592784168631162
305.5,2924.5658627070316,3087.3214856877985,1.0556512079471916,3892.0799226168124,3087.3214856877985,1.2606655771547317,4814.611973066002,3087.3214856877985,1.5594786598627888
306.0,2943.369988374864,3108.707755110013,1.0561729471280086,3919.0543095013772,3108.707755110013,1.2606699047407521,4848.573497033625,3108.707755110013,1.5596749128520255
306.5,2962.186247094001,3130.0981774582224,1.0566851360305074,3946.0338363952665,3130.0981774582224,1.260674142687633,4882.5377353560525,3130.0981774582224,1.5598672816457433
307.0,2981.0144091118227,3151.492668169795,1.0571880023581521,3973.018398585889,3151.492668169795,1.2606782934047531,4916.5046317792985,3151.492668169795,1.5600558685844954
307.5,2999.854250300213,3172.8911449470165,1.057681767249021,4000.007894166988,3172.8911449470165,1.260682359222186,4950.474131588946,3172.8911449470165,1.5602407726696885
308.0,3018.70555198891,3194.2935276822864,1.0581666454940224,4027.00222394588,3194.2935276822864,1.2606863423937718,4984.446181557979,3194.2935276822864,1.5604220896927372
308.5,3037.568100804582,3215.6997383862245,1.0586428457470498,4054.0012913543223,3215.6997383862245,1.2606902451000581,5018.420729896713,3215.6997383862245,1.560599912358475
309.0,3056.4416885154083,3237.109701118585,1.0591105707274042,4081.0050023628455,3237.109701118585,1.260694069451107,5052.397726204732,3237.109701118585,1.560774330403098
309.5,3075.326111880943,3258.5233419218293,1.0595700174147835,4108.013265398399,3258.5233419218293,1.26069781748918,5086.377121424737,3258.5233419218293,1.5609454307069246
310.0,3094.2211725070756,3279.940588757256,1.060021377237136,4135.025991265168,3279.940588757256,1.2607014911913075,5120.3588677982125,3279.940588757256,1.561113297402218
310.5,3113.1266767058873,3301.3613714435623,1.0604648362516533,4162.043093068397,3301.3613714435623,1.2607050924717431,5154.342918822839,3301.3613714435623,1.5612780119763252
311.0,3132.042435360207,3322.7856215977395,1.0609005753191834,4189.064486141127,3322.7856215977395,1.2607086231843159,5188.329229211563,3322.7856215977395,1.5614396533703516
311.5,3150.9682637927067,3344.213272578196,1.0613287702723122,4216.090087973679,3344.213272578196,1.2607120851246776,5222.317754853251,3344.213272578196,1.5615982980735987
312.0,3169.903981639353,3365.6442594300115,1.0617495920773692,4243.119818145793,3365.6442594300115,1.2607154800324578,5256.308452774866,3365.6442594300115,1.5617540202139628
312.5,3188.849412727057,3387.0785188322325,1.0621632069905906,4270.153598261294,3387.0785188322325,1.2607188095933248,5290.301281105082,3387.0785188322325,1.561906891644492
313.0,3207.804384955361,3408.5159890471164,1.062569776708672,4297.191351885178,3408.5159890471164,1.2607220754409603,5324.296199039286,3408.5159890471164,1.5620569820262877
313.5,3226.768730182016,3429.9566098712485,1.0629694585139267,4324.233004483021,3429.9566098712485,1.2607252791589518,5358.2931668059055,3429.9566098712485,1.5622043589079226
314.0,3245.7422841123034,3451.4003225884458,1.0633624054142639,4351.278483362603,3451.4003225884458,1.2607284222826043,5392.2921456339955,3451.4003225884458,1.562349087801539
314.5,3264.724886191962,3472.847069924376,1.0637487662781815,4378.32771761766,3472.847069924376,1.2607315063006796,5426.293097722039,3472.847069924376,1.5624912322557876
315.0,3283.7163795035885,3494.296796002817,1.0641286859649743,4405.3806380736705,3494.296796002817,1.2607345326570591,5460.295986207907,3494.296796002817,1.5626308539257538
315.5,3302.716610666387,3515.7494463034923,1.064502305450337,4432.4371772356,3515.7494463034923,1.2607375027523438,5494.300775139914,3515.7494463034923,1.562768012640007
316.0,3321.725429739137,3537.204967621414,1.064869761947543,4459.49726923751,3537.204967621414,1.260740417945384,5528.3074294489525,3537.204967621414,1.5629027664649162
316.5,3340.7426901262697,3558.6633080276697,1.0652311890243673,4486.560849793964,3558.6633080276697,1.260743279554751,5562.315914921632,3558.6633080276697,1.5630351717663489
317.0,3359.7682484869456,3580.1244168316,1.0655867167159194,4513.627856153149,3580.1244168316,1.2607460888601456,5596.326198174389,3580.1244168316,1.5631652832688765
317.5,3378.801964647002,3601.588244544301,1.0659364716335407,4540.69822705165,3601.588244544301,1.2607488471037511,5630.338246628536,3601.588244544301,1.5632931541126038
318.0,3397.843701513699,3623.0547428434106,1.066280577069917,4567.771902670814,3623.0547428434106,1.2607515554915352,5664.352028486201,3623.0547428434106,1.5634188359077232
318.5,3416.893324993139,3644.523864539111,1.066619153100552,4594.848824594611,3644.523864539111,1.260754215194494,5698.36751270712,3644.523864539111,1.5635423787869036
319.0,3435.9507039102714,3665.995563541314,1.0669523166817385,4621.928935768986,3665.995563541314,1.2607568273498537,5732.384668986257,3665.995563541314,1.563663831455604
319.5,3455.015709931401,3687.469794827969,1.06728018174516,4649.012180462575,3687.469794827969,1.260759393062219,5766.403467732203,3687.469794827969,1.5637832412404133
320.0,3474.0882174890944,3708.946514414463,1.0676028592892535,4676.098504228792,3708.946514414463,1.2607619134046788,5800.42388004634,3708.946514414463,1.5639006541354943
320.5,3493.16810370941,3730.4256793240493,1.0679204574674475,4703.187853869193,3730.4256793240493,1.260764389419871,5834.445877702718,3730.4256793240493,1.5640161148472245
321.0,3512.2552483413715,3751.90724755929,1.068233081673404,4730.280177398087,3751.90724755929,1.2607668221210035,5868.469433128642,3751.90724755929,1.5641296668371076
321.5,3531.349533688601,3773.391178074452,1.068540834623366,4757.375424008331,3773.391178074452,1.2607692124928331,5902.49451938591,3773.391178074452,1.5642413523630307
322.0,3550.450844543036,3794.8774307488247,1.068843816435726,4784.473544038281,3794.8774307488247,1.2607715614926156,5936.521110152711,3794.8774307488247,1.5643512125189472
322.5,3569.5590681206677,3816.365966360936,1.0691421247079151,4811.574488939832,3816.365966360936,1.2607738700510078,5970.549179706117,3816.365966360936,1.56445928727304
323.0,3588.6740939992164,3837.856746563609,1.069435854590714,4838.67821124753,3837.856746563609,1.2607761390729475,6004.578702905189,3837.856746563609,1.5645656155044474
323.5,3607.7958140576884,3859.349733859852,1.0697250988600824,4865.784664548688,3859.349733859852,1.2607783694384882,6038.609655174632,3859.349733859852,1.5646702350385946
324.0,3626.924122417745,3880.844891579532,1.0700099479865934,4892.8938034544935,3880.844891579532,1.2607805620036132,6072.642012489008,3880.844891579532,1.564773182681207
324.5,3646.058915386826,3902.3421838568083,1.0702904902025678,4920.005583572053,3902.3421838568083,1.2607827176010116,6106.675751357475,3902.3421838568083,1.5648744942510535
325.0,3665.2000914029586,3923.8415756083004,1.0705668115669886,4947.119961477343,3923.8415756083004,1.2607848370408297,6140.710848809018,3923.8415756083004,1.5649742046114703
325.5,3684.3475509812083,3945.3430325119602,1.0708389960282776,4974.236894689034,3945.3430325119602,1.2607869211113911,6174.747282378178,3945.3430325119602,1.5650723477007216
326.0,3703.5011966617035,3966.846520986619,1.071107125485012,5001.356341643155,3966.846520986619,1.2607889705798945,6208.785030091249,3966.846520986619,1.5651689565612494
326.5,3722.66093295919,3988.3520081721913,1.0713712798446566,5028.478261668577,3988.3520081721913,1.2607909861930822,6242.824070452909,3988.3520081721913,1.565264063367845
327.0,3741.8266663140585,4009.859461910504,1.0716315370803842,5055.602614963251,4009.859461910504,1.260792968677885,6276.864382433303,4009.859461910504,1.5653576994548037
327.5,3760.998305044798,4031.3688507267316,1.0718879732860482,5082.729362571225,4031.3688507267316,1.260794918742046,6310.90594545553,4031.3688507267316,1.5654498953420917
328.0,3780.175759301832,4052.88014381142,1.0721406627293844,5109.858466360368,4052.88014381142,1.2607968370747182,6344.948739383532,4052.88014381142,1.565540680760571
328.5,3799.358941022682,4074.393311003065,1.0723896779034916,5136.989889000792,4074.393311003065,1.2607987243470438,6378.992744510368,4074.393311003065,1.5656300846763218
329.0,3818.5477638884227,4095.908322771238,1.0726350895766665,5164.123593943952,4095.908322771238,1.2608005812127097,6413.037941546869,4095.908322771238,1.5657181353140959
329.5,3837.7421432813894,4117.425150200233,1.0728769668406397,5191.259545402392,4117.425150200233,1.2608024083084883,6447.084311610642,4117.425150200233,1.5658048601799395
330.0,3856.941996244079,4138.943764973215,1.0731153771572794,5218.397708330107,4138.943764973215,1.2608042062547513,6481.1318362154125,4138.943764973215,1.5658902860830133
330.5,3876.1472414392315,4160.464139356862,1.07335038640381,5245.538048403516,4160.464139356862,1.2608059756559729,6515.180497260719,4160.464139356862,1.5659744391566506
331.0,3895.3577991110315,4181.986246186462,1.0735820589166014,5272.680532003018,4181.986246186462,1.2608077171012113,6549.230277021908,4181.986246186462,1.566057344878675
331.5,3914.5735910474064,4203.510058851482,1.0738104575335794,5299.825126195099,4203.510058851482,1.2608094311645732,6583.281158140446,4203.510058851482,1.5661390280910101
332.0,3933.794540543381,4225.035551281548,1.074035643635302,5326.971798714985,4225.035551281548,1.2608111184056654,6617.333123614537,4225.035551281548,1.5662195130186187
332.5,3953.020572365454,4246.562697932868,1.0742576771847563,5354.120517949819,4246.562697932868,1.2608127793700268,6651.386156790012,4246.562697932868,1.5662988232877755
333.0,3972.25161271697,4268.091473775056,1.074476616765909,5381.271252922336,4268.091473775056,1.2608144145895475,6685.440241351502,4268.091473775056,1.5663769819437212
333.5,3991.4875892044447,4289.621854278337,1.0746925196210655,5408.423973275026,4289.621854278337,1.260816024582873,6719.495361313883,4289.621854278337,1.566454011467716
334.0,4010.728430804824,4311.153815401143,1.0749054416870687,5435.57864925477,4311.153815401143,1.2608176098557973,6753.551501013976,4311.153815401143,1.5665299337935066
334.5,4029.9740678336398,4332.687333578074,1.0751154376303869,5462.735251697926,4332.687333578074,1.2608191709016359,6787.608645102487,4332.687333578074,1.5666047703232393
335.0,4049.224431914039,4354.222385708207,1.075322560881121,5489.893752015853,4354.222385708207,1.2608207082015934,6821.666778536199,4354.222385708207,1.5666785419428377
335.5,4068.4794559466563,4375.758949143747,1.0755268636659718,5517.05412218086,4375.758949143747,1.2608222222251166,6855.725886570396,4375.758949143747,1.566751269036868
336.0,4087.739074080305,4397.297001679012,1.0757283970402036,5544.216334712555,4397.297001679012,1.2608237134302316,6889.785954751495,4397.297001679012,1.5668229715028983
336.5,4107.003221683456,4418.836521539739,1.0759272109186373,5571.3803626646095,4418.836521539739,1.2608251822638752,6923.846968909918,4418.836521539739,1.5668936687653952
337.0,4126.271835316494,4440.377487372683,1.0761233541057038,5598.546179611878,4440.377487372683,1.2608266291622132,6957.9089151531525,4440.377487372683,1.5669633797891498
337.5,4145.544852704704,4461.919878235533,1.0763168743245932,5625.713759637907,4461.919878235533,1.2608280545509474,6991.97177985902,4461.919878235533,1.5670321230922677
338.0,4164.822212711998,4483.463673587105,1.076507818245528,5652.883077322793,4483.463673587105,1.2608294588456126,7026.035549669149,4483.463673587105,1.5670999167587314
338.5,4184.103855315321,4505.008853277815,1.0766962315131898,5680.054107731382,4505.008853277815,1.2608308424518657,7060.100211482622,4505.008853277815,1.567166778450555
339.0,4203.389721579749,4526.5553975404255,1.0768821587733297,5707.226826401811,4526.5553975404255,1.2608322057657622,7094.165752449813,4526.5553975404255,1.5672327254195406
339.5,4222.6797536342365,4548.103286981041,1.0770656436985848,5734.401209334365,4548.103286981041,1.2608335491740275,7128.2321599664,4548.103286981041,1.5672977745186627
340.0,4241.973894648007,4569.652502570372,1.077246729013535,5761.577232980651,4569.652502570372,1.2608348730543157,7162.2994216675415,4569.652502570372,1.567361942213076
340.5,4261.27208880756,4591.203025635235,1.077425456519018,5788.754874233071,4591.203025635235,1.260836177775463,7196.367525422233,4591.203025635235,1.567425244590779
341.0,4280.5742812942735,4612.754837850275,1.0776018671157281,5815.934110414585,4612.754837850275,1.2608374636977322,7230.436459327804,4612.754837850275,1.5674876973729372
341.5,4299.880418262594,4634.307921229948,1.0777760008271307,5843.114919268767,4634.307921229948,1.2608387311730467,7264.506211704578,4634.307921229948,1.5675493159238703
342.0,4319.190446818788,4655.862258120691,1.0779478968217,5870.297278950124,4655.862258120691,1.2608399805452217,7298.576771090688,4655.862258120691,1.5676101152607362
342.5,4338.504315000244,4677.417831193328,1.0781175934345164,5897.48116801468,4677.417831193328,1.260841212150184,7332.648126237022,4677.417831193328,1.5676701100629011
343.0,4357.821971755302,4698.974623435673,1.0782851281882349,5924.666565410831,4698.974623435673,1.2608424263161884,7366.720266102317,4698.974623435673,1.5677293146810212
343.5,4377.143366923599,4720.532618145338,1.0784505378134517,5951.853450470429,4720.532618145338,1.2608436233640237,7400.793179848388,4720.532618145338,1.5677877431458367
344.0,4396.468451216923,4742.091798922736,1.0786138582684806,5979.041802900122,4742.091798922736,1.2608448036072148,7434.866856835487,4742.091798922736,1.5678454091766991
344.5,4415.797176200542,4763.652149664268,1.078775124758567,6006.2316027729175,4763.652149664268,1.260845967352218,7468.9412866177845,4763.652149664268,1.5679023261898288
345.0,4435.129494275009,4785.213654555694,1.0789343717545528,6033.42283051998,4785.213654555694,1.26084711489861,7503.01645893898,4785.213654555694,1.5679585073063227
345.5,4454.465358658432,4806.776298065686,1.0790916330110065,6060.615466922641,4806.776298065686,1.2608482465392694,7537.092363728022,4806.776298065686,1.5680139653599134
346.0,4473.804723369178,4828.340064939543,1.0792469415838446,6087.809493104621,4828.340064939543,1.260849362560557,7571.16899109496,4828.340064939543,1.5680687129044961
346.5,4493.147543209015,4849.9049401930815,1.0794003298474526,6115.004890524467,4849.9049401930815,1.2608504632424857,7605.246331326883,4849.9049401930815,1.5681227622214193
347.0,4512.493773746676,4871.470909106679,1.0795518295113231,6142.201640968176,4871.470909106679,1.2608515488588892,7639.324374883993,4871.470909106679,1.5681761253265656
347.5,4531.843371301827,4893.03795721948,1.0797014716362308,6169.399726542022,4893.03795721948,1.2608526196775813,7673.403112395762,4893.03795721948,1.5682288139772074
348.0,4551.196292929428,4914.60607032375,1.0798492866499523,6196.599129665563,4914.60607032375,1.2608536759605153,7707.4825346572,4914.60607032375,1.568280839678666
348.5,4570.552496404488,4936.175234459373,1.079995304362549,6223.7998330648325,4936.175234459373,1.2608547179639347,7741.56263262522,4936.175234459373,1.5683322136907691
349.0,4589.9119402071865,4957.745435908501,1.0801395539812275,6251.001819765715,4957.745435908501,1.2608557459385217,7775.6433974151005,4957.745435908501,1.5683829470341133
349.5,4609.2745835083615,4979.3166611903325,1.0802820641247874,6278.205073087476,4979.3166611903325,1.260856760129539,7809.724820297031,4979.3166611903325,1.5684330504961448
350.0,4628.640386155347,5000.888897056027,1.080422862837672,6305.409576636474,5000.888897056027,1.26085776077697,7843.806892692764,5000.888897056027,1.568482534637059
350.5,4648.009308658165,5022.462130483752,1.080561977603631,6332.615314300026,5022.462130483752,1.2608587481156543,7877.889606172334,5022.462130483752,1.5685314097955287
351.0,4667.38131217603,5044.036348673852,1.0806994353590145,6359.822270240424,5044.036348673852,1.2608597223754165,7911.972952450876,5044.036348673852,1.5685796860942613
351.5,4686.756358504207,5065.611539044151,1.0808352625056994,6387.030428889119,5065.611539044151,1.2608606837811949,7946.056923385517,5065.611539044151,1.568627373445396
352.0,4706.134410061155,5087.187689225354,1.0809694849236673,6414.239774941032,5087.187689225354,1.260861632553163,7980.141510972353,5087.187689225354,1.5686744815557454
352.5,4725.515429876002,5108.76478705658,1.0811021279832398,6441.450293349026,5108.76478705658,1.260862568906852,8014.226707343503,5108.76478705658,1.5687210199318862
353.0,4744.8993815763015,5130.342820581005,1.0812332165569876,6468.661969318501,5130.342820581005,1.260863493053264,8048.312504764227,5130.342820581005,1.5687669978850975
353.5,4764.286229376089,5151.921778041608,1.081362775031315,6495.874788302142,5151.921778041608,1.2608644051989875,8082.398895630129,5151.921778041608,1.5688124245361657
354.0,4783.675938064217,5173.501647877024,1.0814908273177375,6523.088735994773,5173.501647877024,1.2608653055463044,8116.485872464423,5173.501647877024,1.5688573088200464
354.5,4803.068472992965,5195.082418717501,1.0816173968638547,6550.303798328362,5195.082418717501,1.2608661942932988,8150.573427915275,5195.082418717501,1.5689016594903973
355.0,4822.463800066917,5216.664079380962,1.0817425066640365,6577.519961467138,5216.664079380962,1.2608670716339594,8184.661554753201,5216.664079380962,1.5689454851239795
355.5,4841.861885732101,5238.2466188691515,1.0818661792698196,6604.737211802825,5238.2466188691515,1.260867937758279,8218.750245868541,5238.2466188691515,1.5689887941249376
356.0,4861.262696965372,5259.830026363885,1.081988436800035,6631.95553595,5259.830026363885,1.2608687928523545,8252.839494268977,5259.830026363885,1.5690315947289568
356.5,4880.666201264058,5281.414291223388,1.082109300950665,6659.1749207415605,5281.414291223388,1.2608696370984802,8286.929293077144,5281.414291223388,1.5690738950073082
357.0,4900.072366635834,5302.999402978726,1.0822287930044434,6686.395353224298,5302.999402978726,1.260870470675239,8321.019635528257,5302.999402978726,1.5691157028707738
357.5,4919.481161588827,5324.585351330311,1.0823469338402039,6713.616820654586,5324.585351330311,1.2608712937575948,8355.110514967837,5324.585351330311,1.5691570260734706
358.0,4938.892555121955,5346.172126144506,1.0824637439419846,6740.839310494169,5346.172126144506,1.2608721065169768,8389.201924849465,5346.172126144506,1.5691978722165643
358.5,4958.306516715487,5367.759717450303,1.082579243407898,6768.06281040605,5367.759717450303,1.2608729091213668,8423.293858732603,5367.759717450303,1.5692382487518806
359.0,4977.723016321814,5389.348115436074,1.0826934519587679,6795.287308250474,5389.348115436074,1.2608737017353795,8457.38631028046,5389.348115436074,1.5692781629854204
359.5,4997.142024356429,5410.9373104464175,1.082806388946546,6822.5127920810155,5410.9373104464175,1.2608744845203426,8491.479273257923,5410.9373104464175,1.569317622080776
360.0,5016.563511689121,5432.527292979059,1.0829180733625117,6849.739250140755,5432.527292979059,1.260875257634377,8525.572741529506,5432.527292979059,1.5693566330624544
